{
    "accuracytop1": 0.944444477558136,
    "accuracytop5": 1.0,
    "loss": 0.05818842351436615,
    "ls_all": 0.05818842351436615,
    "ls_CE": 0.05818842351436615,
    "best_epoch": 400.0
}