{
    "accuracytop1": 0.9814814925193787,
    "accuracytop5": 1.0,
    "loss": 0.05535066872835159,
    "ls_all": 0.05535066872835159,
    "ls_CE": 0.05535066872835159,
    "best_epoch": 390.0
}