{
    "accuracytop1": 0.9230769872665405,
    "accuracytop5": 1.0,
    "loss": 0.2494354248046875,
    "ls_all": 0.2494354248046875,
    "ls_CE": 0.2494354248046875,
    "best_epoch": 400.0
}