{
    "accuracytop1": 0.9615384936332703,
    "accuracytop5": 1.0,
    "loss": 0.17305752635002136,
    "ls_all": 0.17305752635002136,
    "ls_CE": 0.17305752635002136,
    "best_epoch": 384.0
}