{
    "accuracytop1": 0.9464285969734192,
    "accuracytop5": 1.0,
    "loss": 0.328376829624176,
    "ls_all": 0.328376829624176,
    "ls_CE": 0.328376829624176,
    "best_epoch": 387.0
}