{
    "accuracytop1": 0.9285714626312256,
    "accuracytop5": 1.0,
    "loss": 0.29797789454460144,
    "ls_all": 0.29797789454460144,
    "ls_CE": 0.29797789454460144,
    "best_epoch": 400.0
}