{
    "accuracytop1": 0.9765625,
    "accuracytop5": 1.0,
    "loss": 0.15417006611824036,
    "ls_all": 0.15417006611824036,
    "ls_CE": 0.15417006611824036,
    "best_epoch": 399.0
}