{
    "accuracytop1": 0.96875,
    "accuracytop5": 1.0,
    "loss": 0.15381541848182678,
    "ls_all": 0.15381541848182678,
    "ls_CE": 0.15381541848182678,
    "best_epoch": 400.0
}