{
    "accuracytop1": 0.9818181395530701,
    "accuracytop5": 0.9999999403953552,
    "loss": 0.1000542864203453,
    "ls_all": 0.1000542864203453,
    "ls_CE": 0.1000542864203453,
    "best_epoch": 400.0
}